"Company","Contact type","Business contact","Published purpose","Contact source","Source checked at","Company ID"
"Early Foods","Email","hello@earlyfoods.com","General business / customer care; request procurement referral","https://earlyfoods.com/pages/contact-us","2026-09-30T06:30:37.254Z","earlyfoods"
"Early Foods","Phone","'+918049670521","Published company phone; ask for procurement referral","https://earlyfoods.com/pages/contact-us","2026-09-30T06:30:37.254Z","earlyfoods"
"True Elements","Phone","'+917738442817","General business contact; ask for procurement referral","https://true-elements.com/pages/contact-us","2026-09-29T07:03:42.565Z","true-elements"
"True Elements","Email","care@true-elements.com","General business / customer care; request procurement referral","https://true-elements.com/pages/contact","2026-09-30T06:30:37.419Z","true-elements"
"The Snack Company","Email","contactus@thesnackcompany.in","General business / customer care; request procurement referral","https://www.thesnackcompany.in/pages/contact-us","2026-09-30T06:30:38.161Z","the-snack-company"
"Slurrp Farm","Email","mail@slurrpfarm.com","General business / customer care; request procurement referral","https://slurrpfarm.com/pages/contact-us","2026-09-30T06:30:38.872Z","slurrp-farm"
"Slurrp Farm","Phone","'+919318318000","Published company phone; ask for procurement referral","https://slurrpfarm.com/pages/contact-us","2026-09-30T06:30:38.872Z","slurrp-farm"
"Sweet Karam Coffee","Phone","'+917358068806","General business contact; ask for procurement referral","https://sweetkaramcoffee.in/pages/contact-us","2026-09-29T07:03:41.330Z","sweet-karam-coffee"
"Sweet Karam Coffee","Email","care@sweetkaramcoffee.in","General business / customer care; request procurement referral","https://sweetkaramcoffee.in/pages/contact-us","2026-09-30T06:30:37.170Z","sweet-karam-coffee"
"Sweet Karam Coffee","Email","sanjith@sweetkaramcoffee.in","Corporate gifting","https://sweetkaramcoffee.in/pages/contact-us","2026-09-30T06:30:37.170Z","sweet-karam-coffee"
"The Good Kind","Email","contact@thegoodkindfoods.com","General business / customer care; request procurement referral","https://thegoodkindfoods.com/pages/contact","2026-09-30T06:30:37.765Z","the-good-kind"
"Tots & Moms","Email","info@totsandmoms.com","General business / customer care; request procurement referral","https://www.totsandmoms.com/pages/contact-us","2026-09-30T06:30:39.307Z","tots-and-moms"
"Tots & Moms","Email","kavitha@totsandmoms.com","Founder product enquiries","https://blog.totsandmoms.com/contact-us/","2026-09-30T10:37:36.137Z","tots-and-moms"
"Shree Anandhaas","Phone","'+919940222040","Published company phone; ask for procurement referral","https://anandhaassweets.com/pages/contact","2026-09-30T06:30:39.500Z","anandhaas"
"Shree Anandhaas","Email","care@anandhaas.com","General business / customer care; request procurement referral","https://anandhaassweets.com/pages/contact","2026-09-30T06:30:39.500Z","anandhaas"
"Jai Jalaram Foods","Phone","'+917420090991","Published company phone; ask for procurement referral","https://jaijalaramfoods.com/pages/contact","2026-09-30T06:30:39.805Z","jai-jalaram"
"Jai Jalaram Foods","Email","customercare@jaijalaramfoods.com","General business / customer care; request procurement referral","https://jaijalaramfoods.com/pages/contact","2026-09-30T06:30:39.805Z","jai-jalaram"
"Nutritius","Phone","'+919090225555","General business contact; ask for procurement referral","https://nutritius.com/pages/contact","2026-09-29T12:25:11.404Z","nutritius"
"Nutritius","Email","info@nutritius.com","General business / customer care; request procurement referral","https://nutritius.com/pages/contact","2026-09-30T06:30:40.115Z","nutritius"
"Nutty Yogi","Email","pallavi@nuttyyogi.com","General business / customer care; request procurement referral","https://nuttyyogi.com/pages/contact-us","2026-09-30T06:30:40.832Z","nutty-yogi"
"Sri Krishna Sweets","Email","customercare@srikrishnasweets.com","General business contact; ask for procurement referral","https://srikrishnasweets.com/pages/contact","2026-09-29T12:25:12.218Z","sri-krishna"
"Chaayos","Phone","18001202424","General business contact; ask for procurement referral","https://chaayos.com/products/dry-fruit-cookies-450g","2026-09-29T12:25:12.173Z","chaayos"
"Chaayos","Email","Letstalk@chaayos.com","General business / customer care; request procurement referral","https://chaayos.com","2026-09-30T06:30:42.468Z","chaayos"
"Blue Tokai Coffee","Phone","'+919606047077","Published company phone; ask for procurement referral","https://bluetokaicoffee.com/pages/contact","2026-09-30T06:30:41.376Z","blue-tokai"
"Blue Tokai Coffee","Email","getcoffee@bluetokaicoffee.com","General business / customer care; request procurement referral","https://bluetokaicoffee.com/pages/contact","2026-09-30T06:30:41.376Z","blue-tokai"
"Naagin","Email","hello@naaginsauce.com","General business / customer care; request procurement referral","https://www.naaginsauce.com/pages/contact-us","2026-09-30T06:30:42.708Z","naagin"
"Farmveda","Phone","'+919008255519","Published company phone; ask for procurement referral","https://farmveda.in/pages/contact-us-old","2026-09-30T06:30:42.387Z","farmveda"
"Farmveda","Email","online@farmveda.in","General business / customer care; request procurement referral","https://farmveda.in/pages/contact-us-old","2026-09-30T06:30:42.387Z","farmveda"
"Ancient Roots","Phone","'+919825009309","Published company phone; ask for procurement referral","https://ancientrootsindia.com/pages/contact-us","2026-09-30T06:30:42.867Z","ancient-roots"
"Ancient Roots","Email","support@ancientrootsindia.com","General business / customer care; request procurement referral","https://ancientrootsindia.com/pages/contact-us","2026-09-30T06:30:42.867Z","ancient-roots"
"Oh Sugar Patisserie","Phone","'+919982323536","General business contact; ask for procurement referral","https://ohsugarpatisserie.com/policies/contact-information","2026-09-29T12:25:13.600Z","oh-sugar"
"Oh Sugar Patisserie","Email","careohhsugar@govindjee.store","General business / customer care; request procurement referral","https://ohsugarpatisserie.com/policies/contact-information","2026-09-30T06:30:44.022Z","oh-sugar"
"Cacao Essentia","Email","cacaoessentia@gmail.com","General business contact; ask for procurement referral","https://cacaoessentia.com/pages/get-in-touch","2026-09-29T12:25:13.493Z","cacao-essentia"
"Mapro","Email","connect@mapro.com","General business / customer care; request procurement referral","https://www.mapro.com/pages/contact","2026-09-30T06:30:44.338Z","mapro"
"Mapro","Phone","8805004000","Published company phone; ask for procurement referral","https://www.mapro.com/pages/contact","2026-09-30T06:30:44.338Z","mapro"
"Queen Cookies","Email","care@queencookies.in","General business / customer care; request procurement referral","https://queencookies.in/pages/contact-us","2026-09-30T06:30:45.019Z","queen-cookies"
"Queen Cookies","Phone","'+919920088831","Published company phone; ask for procurement referral","https://queencookies.in/pages/contact-us","2026-09-30T06:30:45.019Z","queen-cookies"
"Mo’s Bakery","Phone","'+919818727856","General business contact; ask for procurement referral","https://www.mosbakery.in/pages/contact","2026-09-29T12:25:14.081Z","mos-bakery"
"Mo’s Bakery","Email","contact.mosbakery@gmail.com","General business / customer care; request procurement referral","https://www.mosbakery.in/pages/contact","2026-09-30T06:30:44.981Z","mos-bakery"
"Snackible","Email","munch@snackible.com","General business / customer care; request procurement referral","https://snackible.com/pages/get-in-touch","2026-09-30T06:30:45.694Z","snackible"
"Snackible","Phone","9920335511","Published company phone; ask for procurement referral","https://snackible.com/pages/get-in-touch","2026-09-30T06:30:45.694Z","snackible"
"Eat Better Co","Phone","'+919829188706","General business contact; ask for procurement referral","https://eatbetterco.com/pages/contact-us","2026-09-29T12:25:14.430Z","eat-better"
"Eat Better Co","Email","care@eatbetterco.com","General business / customer care; request procurement referral","https://eatbetterco.com/pages/contact-us","2026-09-30T06:30:46.210Z","eat-better"
"Nourish Organics","Phone","'+919312006667","Published company phone; ask for procurement referral","https://nourishorganics.in/pages/contact","2026-09-30T06:30:46.621Z","nourish-organics"
"Nourish Organics","Email","care@nourishorganics.in","General business / customer care; request procurement referral","https://nourishorganics.in/pages/contact","2026-09-30T06:30:46.621Z","nourish-organics"
"Nourish Organics","Email","deepika@nourishorganics.in","Bulk orders & sales enquiries","https://nourishorganics.in/pages/contact","2026-09-30T06:30:46.621Z","nourish-organics"
"The Cinnamon Kitchen","Email","hey@cinnamon.kitchen","General business / customer care; request procurement referral","https://cinnamon.kitchen/pages/contact","2026-09-30T06:30:46.345Z","the-cinnamon-kitchen"
"Paul and Mike","Phone","'+917306821979","General business contact; ask for procurement referral","https://www.paulandmike.co/pages/urgent-contact-us","2026-09-29T12:25:15.495Z","paul-and-mike"
"Paul and Mike","Email","orders@paulandmike.co","General business / customer care; request procurement referral","https://www.paulandmike.co/pages/urgent-contact-us","2026-09-30T06:30:46.833Z","paul-and-mike"
"Paul and Mike","Email","tarun@synthite.com","Business / corporate orders","https://www.paulandmike.co/pages/contact-us","2026-09-30T06:44:32.633Z","paul-and-mike"
"Pascati","Email","indulge@pascati.com","General business / customer care; request procurement referral","https://pascati.com/products/72-dark-kerala-75g","2026-09-30T06:30:48.911Z","pascati"
"Pascati","Phone","'+917304961310","Published company phone; ask for procurement referral","https://pascati.com/products/72-dark-kerala-75g","2026-09-30T06:30:48.911Z","pascati"
"Manam Chocolate","Phone","'+917331100776","General business contact; ask for procurement referral","https://manamchocolate.com/pages/contact","2026-09-29T12:25:15.577Z","manam"
"Manam Chocolate","Email","care@manamchocolate.com","General business / customer care; request procurement referral","https://manamchocolate.com/pages/contact","2026-09-30T06:30:47.562Z","manam"
"Ambriona","Phone","9326076610","General business contact; ask for procurement referral","https://www.ambriona.com/pages/contact-us","2026-09-29T12:25:16.156Z","ambriona"
"Ambriona","Email","ambrionaonlinesales@gmail.com","General business / customer care; request procurement referral","https://www.ambriona.com/pages/contact-us","2026-09-30T06:30:48.056Z","ambriona"
"Almond House","Phone","'+919121241841","General business contact; ask for procurement referral","https://almondhouse.com/pages/contact","2026-09-29T12:25:15.913Z","almond-house"
"Almond House","Email","info@almondhouse.com","General business / customer care; request procurement referral","https://almondhouse.com/pages/contact","2026-09-30T06:30:48.124Z","almond-house"
"Govindjee","Email","care@govindjee.store","General business / customer care; request procurement referral","https://www.govindjee.store/pages/contact-us","2026-09-30T06:30:48.812Z","govindjee"
"Govindjee","Phone","'+919079002340","Published company phone; ask for procurement referral","https://www.govindjee.store/pages/contact-us","2026-09-30T06:30:48.812Z","govindjee"
"Millet Amma","Phone","'+917624979333","General business contact; ask for procurement referral","https://milletamma.com/pages/contact-us","2026-09-29T12:25:16.288Z","millet-amma"
"Millet Amma","Email","eatright@milletamma.com","General business / customer care; request procurement referral","https://milletamma.com/pages/contact-us","2026-09-30T06:30:49.604Z","millet-amma"
"Omay Foods","Email","hello@omayfoods.com","General business / customer care; request procurement referral","https://www.omayfoods.com/products/nutty-mix-with-dry-fruits","2026-09-30T06:30:51.039Z","omay"
"Brownsalt Bakery","Email","hello@brownsaltbakery.com","General business / customer care; request procurement referral","https://brownsaltbakery.com/pages/get-in-touch","2026-09-30T06:30:50.192Z","brownsalt"
"Brownsalt Bakery","Phone","'+917506540736","Published company phone; ask for procurement referral","https://brownsaltbakery.com/pages/get-in-touch","2026-09-30T06:30:50.192Z","brownsalt"
"Conscious Food","Phone","09967166755","General business contact; ask for procurement referral","https://www.consciousfood.com/pages/contact-us","2026-09-29T12:25:17.231Z","conscious-food"
"Two Brothers Organic Farms","Phone","'+917406753753","General business contact; ask for procurement referral","https://twobrothersindiashop.com/pages/contact-us","2026-09-29T12:25:17.606Z","two-brothers"
"Two Brothers Organic Farms","Email","info@twobrothersindia.com","General business / customer care; request procurement referral","https://twobrothersindiashop.com/pages/contact-us","2026-09-30T06:30:51.579Z","two-brothers"
"Two Brothers Organic Farms","Email","kapil@twobrothersindia.com","Gifting / corporate / weddings / B2B","https://twobrothersindiashop.com/pages/contact-us","2026-09-30T06:30:51.579Z","two-brothers"
"Two Brothers Organic Farms","Email","satyajit@twobrothersindia.com","Founder contact published by company","https://twobrothersindiashop.com/pages/contact-us","2026-09-30T06:30:51.579Z","two-brothers"
"Two Brothers Organic Farms","Email","ajinkya@twobrothersindia.com","Founder contact published by company","https://twobrothersindiashop.com/pages/contact-us","2026-09-30T06:30:51.579Z","two-brothers"
"Sweetish House Mafia","Email","support@sweetishhousemafia.com","General business / customer care; request procurement referral","https://www.sweetishhousemafia.com/pages/contact","2026-09-30T06:30:51.858Z","sweetish-house"
"Sweetish House Mafia","Phone","'+918850580432","Published company phone; ask for procurement referral","https://www.sweetishhousemafia.com/pages/contact","2026-09-30T06:30:51.858Z","sweetish-house"
"Minus 30","Email","minus30@minus30.co","General business / customer care; request procurement referral","https://minus30.co","2026-09-30T06:30:53.070Z","minus30"
"Adya Organics","Email","info@adyaorganics.com","General business / customer care; request procurement referral","https://adyaorganics.com/pages/contact-us","2026-09-30T06:30:53.458Z","adya-organics"
"Adya Organics","Phone","'+919354924309","Published company phone; ask for procurement referral","https://adyaorganics.com","2026-09-30T06:30:52.778Z","adya-organics"
"Adya Organics","Phone","'+919354924305","Published company phone; ask for procurement referral","https://adyaorganics.com/pages/contact-us","2026-09-30T06:30:53.458Z","adya-organics"
"GO DESi","Email","welovetalking@godesi.in","General business / customer care; request procurement referral","https://godesi.in","2026-09-30T06:30:54.280Z","go-desi"
"GO DESi","Phone","'+919353756891","Published company phone; ask for procurement referral","https://godesi.in","2026-09-30T06:30:54.280Z","go-desi"
"RiteBite Max Protein","Email","support.nipl@zyduswellness.com","General business / customer care; request procurement referral","https://maxprotein.in/pages/contact-us","2026-09-30T06:30:54.806Z","max-protein"
"Chitale Bandhu","Email","shoponline@chitalebandhu.in","Published general business contact; request procurement referral","https://www.chitalebandhu.in/pages/contact-us","2026-09-29T12:25:12.350Z","chitale"
"Chitale Bandhu","Email","tradeenquiries@chitalegroup.in","Trade / business enquiries","https://www.chitalebandhu.in/pages/contact-us","2026-09-29T12:25:12.350Z","chitale"
"Chitale Bandhu","Phone","'+919922944482","Published company phone; purchasing referral unconfirmed","https://www.chitalebandhu.in/pages/contact-us","2026-09-29T12:25:12.350Z","chitale"
"Bikanervala","Email","customercare@bikanervala.com","General business / customer care; request procurement referral","https://bikanervala.com/pages/contact","2026-09-30T06:30:55.347Z","bikanervala"
"Open Secret","Email","sayhello@opensecret.in","General business / customer care; request procurement referral","https://opensecret.in/pages/contact","2026-09-30T06:30:57.186Z","open-secret"
"Open Secret","Phone","'+919015227230","Published company phone; ask for procurement referral","https://opensecret.in/pages/contact","2026-09-30T06:30:57.186Z","open-secret"
"Soklet","Email","contact@soklet.in","Published general business contact; request procurement referral","https://soklet.in/pages/contact-us","2026-09-29T12:25:15.737Z","soklet"
"Soklet","Phone","9944485213","Published company phone; purchasing referral unconfirmed","https://soklet.in/pages/contact-us","2026-09-29T12:25:15.737Z","soklet"
"Bon Fiction","Email","info@bonfiction.com","Published business enquiries; purchasing responsibility unconfirmed","https://www.bonfiction.com/pages/contact","2026-09-30T06:44:32.633Z","bon-fiction"
"Bon Fiction","Phone","'+917504455555","Published company phone; ask for procurement referral","https://www.bonfiction.com/pages/contact","2026-09-30T06:44:32.633Z","bon-fiction"
"Alpino","Email","support@alpinohealthfoods.com","Published general business contact; request procurement referral","https://alpino.store/pages/contact-us","2026-09-29T12:25:16.810Z","alpino"
"MYFITNESS","Email","care@myfitness.co.in","Published business enquiries; purchasing responsibility unconfirmed","https://myfitness.in/policies/contact-information","2026-09-30T06:44:32.633Z","myfitness"
"MYFITNESS","Phone","'+917096699111","Published company phone; ask for procurement referral","https://myfitness.in/policies/contact-information","2026-09-30T06:44:32.633Z","myfitness"
"Wingreens Harvest / Monsoon Harvest","Email","support@wingreens.in","Published general business contact; request procurement referral","https://wingreensworld.com/pages/contact-us","2026-09-29T12:25:16.874Z","wingreens"
"Cookie Man","Email","customercare@cookiemanindia.com","Published business enquiries; purchasing responsibility unconfirmed","https://www.cookiemanindia.com/products/millet-jaggery-cookies","2026-09-30T06:44:32.633Z","cookie-man"
"Cookie Man","Phone","'+919952972111","Published company phone; ask for procurement referral","https://www.cookiemanindia.com","2026-09-30T06:30:57.309Z","cookie-man"
"Millet Bank","Email","care@minkan.in","General business / customer care; request procurement referral","https://milletbank.in/pages/contact","2026-09-30T06:30:58.048Z","millet-bank"
"Anand Sweets & Savouries","Email","care@anandsweets.net","General business / customer care; request procurement referral","https://www.anandsweets.in/pages/contact","2026-09-30T06:30:57.547Z","anand-sweets"
"Anand Sweets & Savouries","Phone","'+919364087490","Published company phone; ask for procurement referral","https://www.anandsweets.in/pages/contact","2026-09-30T06:30:57.547Z","anand-sweets"
"Jus Amazin","Email","info@jusamazin.com","General business / customer care; request procurement referral","https://www.jusamazin.com/pages/contact-us","2026-09-30T06:30:58.439Z","jus-amazin"
"Jus Amazin","Email","orders@jusamazin.com","Orders / sales enquiries","https://www.jusamazin.com/pages/contact-us","2026-09-30T06:30:58.439Z","jus-amazin"
"Jus Amazin","Phone","'+917899737378","Published company phone; ask for procurement referral","https://www.jusamazin.com/pages/contact-us","2026-09-30T06:30:58.439Z","jus-amazin"
"Bombay Sweet Shop","Email","chat@bombaysweetshop.com","Published business enquiries; purchasing responsibility unconfirmed","https://bombaysweetshop.com/pages/byculla-experience-retail-store","2026-09-30T06:44:32.633Z","bombay-sweet-shop"
"Bombay Sweet Shop","Phone","'+919136192636","Published company phone; ask for procurement referral","https://bombaysweetshop.com/pages/byculla-experience-retail-store","2026-09-30T06:44:32.633Z","bombay-sweet-shop"
"ITC Right Shift","Email","itccares@itc.in","Published business enquiries; purchasing responsibility unconfirmed","https://rightshift.in/contact-us.html","2026-09-30T06:44:32.633Z","right-shift"
"ITC Right Shift","Phone","1800425444444","Published company phone; ask for procurement referral","https://rightshift.in/contact-us.html","2026-09-30T06:44:32.633Z","right-shift"
"Paper Boat / Hector Beverages","Email","paperboat@hectorbeverages.com","Published business enquiries; purchasing responsibility unconfirmed","https://www.hectorbeverages.com/contact-us","2026-09-30T06:44:32.633Z","paper-boat"
"Paper Boat / Hector Beverages","Phone","18002030515","Published company phone; ask for procurement referral","https://www.hectorbeverages.com/contact-us","2026-09-30T06:44:32.633Z","paper-boat"
"Kocoatrait / Cocoatrait","Email","nitin@cocoatrait.com","Published business enquiries; purchasing responsibility unconfirmed","https://cocoatrait.com/contact/","2026-09-30T06:44:32.633Z","kocoatrait"
"Kocoatrait / Cocoatrait","Phone","'+919600064846","Published company phone; ask for procurement referral","https://cocoatrait.com/contact/","2026-09-30T06:44:32.633Z","kocoatrait"
"Tiggle","Email","help@thetiggle.com","Company enquiries / customer care","https://thetiggle.com/pages/contact-us","2026-09-30T10:37:36.137Z","tiggle"
"Tiggle","Phone","8791295599","Published business WhatsApp; ask for procurement referral","https://thetiggle.com/pages/contact-us","2026-09-30T10:37:36.137Z","tiggle"
"Loyka / August Assortments","Email","contactus@augustassortments.com","Business / bulk-order enquiries","https://www.loyka.co/pages/contact-us","2026-09-30T10:37:36.137Z","loyka"
"Loyka / August Assortments","Phone","'+919763754455","Business / bulk-order enquiries","https://www.loyka.co/pages/contact-us","2026-09-30T10:37:36.137Z","loyka"
"Loyka / August Assortments","Phone","'+919321362790","Business / bulk-order enquiries","https://www.loyka.co/pages/contact-us","2026-09-30T10:37:36.137Z","loyka"
