"Company","Person","Published role","Department","Sourced person email","Evidence status","Source type","Person source","Source checked at","Evidence and limitations","Suggested approach","Corroborating sources","Company ID"
"Early Foods","Shalini Santhosh Kumar","Founder","Leadership","","Published professional lead","Company website","https://earlyfoods.com/blogs/inspiring-stories/yourstory-covers-the-journey-of-shalini-santhosh-kumar-founder-of-early-foods","2026-10-01T04:46:06.581Z","Founder named in an official company article dated March 2018. Historical founder association supports an introduction, not confirmation of present employment or purchasing authority.","Confirm the current role first. Request an introduction to the person responsible for ingredient sourcing and supplier approval.","","earlyfoods"
"True Elements","Gauri Bhagwat","Procurement lead (directory title; current role unconfirmed)","Procurement","","Published professional lead","Professional profile","https://in.linkedin.com/in/gauri-bhagwat-38b100103","2026-09-30T06:44:32.633Z","Public LinkedIn profile supports True Elements association and procurement-related activity; The Org supplies the procurement-lead title. Verify current employment and buying authority.","Confirm the current role first. Confirm their ingredient category, then ask about supplier registration, specifications and sample approval.","https://theorg.com/org/true-elements/teams/operations-team
https://www.linkedin.com/posts/gauri-bhagwat-38b100103_indias-growing-appetite-for-superfoods-activity-7324879846843596801-N50n","true-elements"
"The Snack Company","Vaishnavi Rao","Co-founder","Leadership","","Published professional lead","Company website","https://www.thesnackcompany.in/pages/about-us-1","2026-09-30T06:30:38.793Z","The company publishes this person and role. Current purchasing authority and preferred introduction route require confirmation.","Confirm the current role first. Request an introduction to the person responsible for ingredient sourcing and supplier approval.","","the-snack-company"
"The Snack Company","Vivek Shivashankar","Co-founder","Leadership","","Published professional lead","Company website","https://www.thesnackcompany.in/pages/about-us-1","2026-09-30T06:30:38.793Z","The company publishes this person and role. Current purchasing authority and preferred introduction route require confirmation.","Confirm the current role first. Request an introduction to the person responsible for ingredient sourcing and supplier approval.","","the-snack-company"
"Slurrp Farm","Rahul Mathur","Operations leader","Operations","","Published professional lead","Professional profile","https://in.linkedin.com/in/mathur-rahul","2026-09-30T10:37:36.137Z","Public indexed profile describes operations leadership at Wholsum Foods. Own hiring post references demand planning and procurement responsibilities in the operations team; it does not establish his exact purchasing title.","Confirm the current role first. Confirm the manufacturing site or contract factory and ask who purchases its raw materials.","https://www.linkedin.com/posts/mathur-rahul_hiring-supplychainjobs-procurement-activity-7424055078900371456-9NPQ","slurrp-farm"
"Slurrp Farm","Meghana Narayan","Co-founder","Leadership","","Published professional lead","Company website","https://slurrpfarm.com/pages/about-us","2026-09-30T06:30:39.786Z","The company publishes this person and role. Current purchasing authority and preferred introduction route require confirmation.","Confirm the current role first. Request an introduction to the person responsible for ingredient sourcing and supplier approval.","","slurrp-farm"
"Slurrp Farm","Shauravi Malik","Co-founder","Leadership","","Published professional lead","Company website","https://slurrpfarm.com/pages/about-us","2026-09-30T06:30:39.786Z","The company publishes this person and role. Current purchasing authority and preferred introduction route require confirmation.","Confirm the current role first. Request an introduction to the person responsible for ingredient sourcing and supplier approval.","","slurrp-farm"
"Sweet Karam Coffee","Prashant Unni Menon","Supply chain & procurement professional","Procurement","","Published professional lead","Professional profile","https://in.linkedin.com/in/prashant-unni-menon-080a6251","2026-09-30T06:44:32.633Z","Public indexed professional profile supports this role or company association. Current employment and purchasing authority require confirmation.","Confirm the current role first. Confirm their ingredient category, then ask about supplier registration, specifications and sample approval.","","sweet-karam-coffee"
"Tots & Moms","Kavitha Prashanth","Founder","Leadership","kavitha@totsandmoms.com","Published professional lead","Company website","https://blog.totsandmoms.com/contact-us/","2026-09-30T10:37:36.137Z","Official company blog identifies the founder and publishes this product-enquiry email; the main store also introduces Kavitha as founder. Purchasing authority still needs confirmation.","Confirm the current role first. Request an introduction to the person responsible for ingredient sourcing and supplier approval.","https://www.totsandmoms.com/","tots-and-moms"
"Shree Anandhaas","Sathesh","Executive President - R&D & Manufacturing","Product development","","Published professional lead","Company website","https://anandhaassweets.com/pages/about-us","2026-09-30T06:30:39.989Z","The company publishes this person and role. Current purchasing authority and preferred introduction route require confirmation.","Confirm the current role first. Discuss ingredient specifications and sample trials, then ask who handles commercial purchasing.","","anandhaas"
"Shree Anandhaas","Balakumar","Executive President - Manufacturing","Operations","","Published professional lead","Company website","https://anandhaassweets.com/pages/about-us","2026-09-30T06:30:39.989Z","The company publishes this person and role. Current purchasing authority and preferred introduction route require confirmation.","Confirm the current role first. Confirm the manufacturing site or contract factory and ask who purchases its raw materials.","","anandhaas"
"Shree Anandhaas","Elango","Executive Vice President - Manufacturing","Operations","","Published professional lead","Company website","https://anandhaassweets.com/pages/about-us","2026-09-30T06:30:39.989Z","The company publishes this person and role. Current purchasing authority and preferred introduction route require confirmation.","Confirm the current role first. Confirm the manufacturing site or contract factory and ask who purchases its raw materials.","","anandhaas"
"Shree Anandhaas","Madhu Padmanabhan","Executive President - Sales","Sales","","Published professional lead","Company website","https://anandhaassweets.com/pages/about-us","2026-09-30T06:30:39.989Z","The company publishes this person and role. Current purchasing authority and preferred introduction route require confirmation.","Confirm the current role first. Ask for an introduction to the raw-material purchasing team; the published role is in sales.","","anandhaas"
"Shree Anandhaas","Rajkumar","Executive Vice President - Sales","Sales","","Published professional lead","Company website","https://anandhaassweets.com/pages/about-us","2026-09-30T06:30:39.989Z","The company publishes this person and role. Current purchasing authority and preferred introduction route require confirmation.","Confirm the current role first. Ask for an introduction to the raw-material purchasing team; the published role is in sales.","","anandhaas"
"Shree Anandhaas","Amutha","Executive Director","Leadership","","Published professional lead","Company website","https://anandhaassweets.com/pages/about-us","2026-09-30T06:30:39.989Z","The company publishes this person and role. Current purchasing authority and preferred introduction route require confirmation.","Confirm the current role first. Request an introduction to the person responsible for ingredient sourcing and supplier approval.","","anandhaas"
"Shree Anandhaas","Manikanden","Chairman & Managing Director","Leadership","","Published professional lead","Company website","https://anandhaassweets.com/pages/about-us","2026-09-30T06:30:39.989Z","The company publishes this person and role. Current purchasing authority and preferred introduction route require confirmation.","Confirm the current role first. Request an introduction to the person responsible for ingredient sourcing and supplier approval.","","anandhaas"
"Shree Anandhaas","Nammalwar","Executive Director","Leadership","","Published professional lead","Company website","https://anandhaassweets.com/pages/about-us","2026-09-30T06:30:39.989Z","The company publishes this person and role. Current purchasing authority and preferred introduction route require confirmation.","Confirm the current role first. Request an introduction to the person responsible for ingredient sourcing and supplier approval.","","anandhaas"
"Shree Anandhaas","Narayanaram","Executive Director","Leadership","","Published professional lead","Company website","https://anandhaassweets.com/pages/about-us","2026-09-30T06:30:39.989Z","The company publishes this person and role. Current purchasing authority and preferred introduction route require confirmation.","Confirm the current role first. Request an introduction to the person responsible for ingredient sourcing and supplier approval.","","anandhaas"
"Shree Anandhaas","Venkatesh","Executive Director","Leadership","","Published professional lead","Company website","https://anandhaassweets.com/pages/about-us","2026-09-30T06:30:39.989Z","The company publishes this person and role. Current purchasing authority and preferred introduction route require confirmation.","Confirm the current role first. Request an introduction to the person responsible for ingredient sourcing and supplier approval.","","anandhaas"
"Nutty Yogi","Pallavi Gupta","Published business enquiries contact","","pallavi@nuttyyogi.com","Published professional lead","Company website","https://nuttyyogi.com/pages/contact-us","2026-10-01T04:46:06.581Z","Name and business email are explicitly paired on the official contact page for business queries and feedback. Procurement role and buying authority are not established.","Confirm the current role first. Ask which team handles ingredient sourcing and supplier approval.","","nutty-yogi"
"Oh Sugar Patisserie","Dhruvika Vijay","Founder / pastry chef","Product development","","Published professional lead","Company website","https://ohsugarpatisserie.com/pages/about-us","2026-09-30T06:30:44.588Z","The company publishes this person and role. Current purchasing authority and preferred introduction route require confirmation.","Confirm the current role first. Discuss ingredient specifications and sample trials, then ask who handles commercial purchasing.","","oh-sugar"
"Queen Cookies","Rani R. Malviya","Founder","Leadership","","Published professional lead","Company website","https://queencookies.in/pages/about-us","2026-09-30T06:30:45.532Z","The company publishes this person and role. Current purchasing authority and preferred introduction route require confirmation.","Confirm the current role first. Request an introduction to the person responsible for ingredient sourcing and supplier approval.","","queen-cookies"
"Mo’s Bakery","Mohita","Founder","Leadership","","Published professional lead","Company website","https://www.mosbakery.in/pages/about-us","2026-09-30T06:30:45.711Z","The company publishes this person and role. Current purchasing authority and preferred introduction route require confirmation.","Confirm the current role first. Request an introduction to the person responsible for ingredient sourcing and supplier approval.","","mos-bakery"
"Farmley","Karan Sirohi","Import & procurement professional","Procurement","","Published professional lead","Professional profile","https://in.linkedin.com/in/karan-sirohi","2026-09-30T10:37:36.137Z","Public indexed profile lists Farmley and describes import/procurement work; an own post mentions time at Farmley. Current title and employment remain unconfirmed.","Confirm the current role first. Confirm their ingredient category, then ask about supplier registration, specifications and sample approval.","","farmley"
"Farmley","Siddharth Mali","Procurement professional","Procurement","","Published professional lead","Professional profile","https://in.linkedin.com/in/siddharth-mali-4a466a1b6","2026-09-30T06:44:32.633Z","Profile describes procurement experience and lists Farmley. University alumni directory corroborates a Farmley category-management role; exact current title and employment need confirmation.","Confirm the current role first. Confirm their ingredient category, then ask about supplier registration, specifications and sample approval.","https://apps.unishivaji.ac.in/uploads/alumni/ALUMNI%20FOOD.pdf","farmley"
"Eat Better Co","Mridula Kanoria","Founder","Leadership","","Published professional lead","Company website","https://eatbetterco.com/pages/our-story","2026-09-30T06:30:46.761Z","The company publishes this person and role. Current purchasing authority and preferred introduction route require confirmation.","Confirm the current role first. Request an introduction to the person responsible for ingredient sourcing and supplier approval.","","eat-better"
"Nourish Organics","Seema Jindal Jajodia","Founder","Leadership","","Published professional lead","Company website","https://nourishorganics.in/blogs/community/tribe-story-001","2026-10-01T04:46:06.581Z","Named in a September 2022 company story. Confirm the current leadership role and request an ingredient procurement introduction; historical association is not buying authority.","Confirm the current role first. Request an introduction to the person responsible for ingredient sourcing and supplier approval.","","nourish-organics"
"Nourish Organics","Reshu","Brand Manager / marketing collaborations","","","Published professional lead","Company website","https://nourishorganics.in/pages/the-team","2026-10-01T04:46:06.581Z","Official site publishes a first name and brand-manager role. Full identity and purchasing responsibility are unconfirmed. The marketing mailbox is a departmental route, not a personal email.","Confirm the current role first. Ask which team handles ingredient sourcing and supplier approval.","","nourish-organics"
"Pascati","Devansh Ashar","Co-founder & Chief Chocolate Maker","Product development","","Published professional lead","Company website","https://www.pascati.com/pages/our-story","2026-09-30T06:44:32.633Z","The company publishes this person and role. Current purchasing authority and preferred introduction route require confirmation.","Confirm the current role first. Discuss ingredient specifications and sample trials, then ask who handles commercial purchasing.","","pascati"
"Manam Chocolate","Chaitanya Muppala","CEO","Leadership","","Published professional lead","Company announcement","https://www.linkedin.com/posts/manam-chocolate_manamchocolatekarkhana-indiancraftchocolate-activity-7298649632828440576-_Vrr","2026-09-30T10:37:36.137Z","Manam Chocolate names its CEO in its own LinkedIn announcement. The post is older than this research check; reconfirm current responsibility and ask for a procurement introduction.","Confirm the current role first. Request an introduction to the person responsible for ingredient sourcing and supplier approval.","","manam"
"Millet Amma","Ruchika Bhuwalka","Founder","Leadership","","Published professional lead","Company website","https://milletamma.com/pages/about-us","2026-09-30T06:30:50.935Z","The company publishes this person and role. Current purchasing authority and preferred introduction route require confirmation.","Confirm the current role first. Request an introduction to the person responsible for ingredient sourcing and supplier approval.","","millet-amma"
"Omay Foods","Vijay","Founder","Leadership","","Published professional lead","Company website","https://omayfoods.com/pages/about-us","2026-09-30T06:44:32.633Z","The company publishes this person and role. Current purchasing authority and preferred introduction route require confirmation.","Confirm the current role first. Request an introduction to the person responsible for ingredient sourcing and supplier approval.","","omay"
"Sweetish House Mafia","Neha Arya Sethi","Co-founder & Head Chef","Product development","","Published professional lead","Company website","https://sweetishhousemafia.com/pages/about","2026-09-30T06:44:32.633Z","The company publishes this person and role. Current purchasing authority and preferred introduction route require confirmation.","Confirm the current role first. Discuss ingredient specifications and sample trials, then ask who handles commercial purchasing.","","sweetish-house"
"Sweetish House Mafia","Aakash Sethi","Co-founder & CEO","Leadership","","Published professional lead","Company website","https://sweetishhousemafia.com/pages/about","2026-09-30T06:44:32.633Z","The company publishes this person and role. Current purchasing authority and preferred introduction route require confirmation.","Confirm the current role first. Request an introduction to the person responsible for ingredient sourcing and supplier approval.","","sweetish-house"
"Adya Organics","Pallavi Sinha","Managing Director","Leadership","","Published professional lead","Company website","https://adyaorganics.com/pages/about-us","2026-09-30T06:30:53.109Z","Official company biography describes responsibility for ingredient selection, recipes and production. Confirm supplier approval and purchasing authority directly.","Confirm the current role first. Request an introduction to the person responsible for ingredient sourcing and supplier approval.","","adya-organics"
"GO DESi","Vinay Kothari","Founder","Leadership","","Published professional lead","Company website","https://godesi.in/pages/about-us","2026-09-30T06:30:54.592Z","The company publishes this person and role. Current purchasing authority and preferred introduction route require confirmation.","Confirm the current role first. Request an introduction to the person responsible for ingredient sourcing and supplier approval.","","go-desi"
"Chitale Bandhu","Indraneel Chitale","Managing Partner","Leadership","","Published professional lead","Professional profile","https://www.linkedin.com/posts/indraneelchitale_when-i-stepped-in-as-managing-partner-at-activity-7424670604701675520-ITnn","2026-09-30T10:37:36.137Z","Own public LinkedIn post identifies the managing-partner role at Chitale Bandhu. Confirm current role and which Chitale entity buys the relevant ingredients.","Confirm the current role first. Request an introduction to the person responsible for ingredient sourcing and supplier approval.","","chitale"
"Lo! Foods","Kavya","R&D Head","Product development","","Published professional lead","Company website","https://lofoods.fit/pages/about-us","2026-09-30T06:30:55.780Z","The company publishes this person and role. Current purchasing authority and preferred introduction route require confirmation.","Confirm the current role first. Discuss ingredient specifications and sample trials, then ask who handles commercial purchasing.","","lo-foods"
"Lo! Foods","Dushyant","Factory Head","Operations","","Published professional lead","Company website","https://lofoods.fit/pages/about-us","2026-09-30T06:30:55.780Z","The company publishes this person and role. Current purchasing authority and preferred introduction route require confirmation.","Confirm the current role first. Confirm the manufacturing site or contract factory and ask who purchases its raw materials.","","lo-foods"
"Lo! Foods","Venkatesh SS","Chief Operating Officer","Operations","","Published professional lead","Company website","https://lofoods.fit/pages/about-us","2026-09-30T06:30:55.780Z","The company publishes this person and role. Current purchasing authority and preferred introduction route require confirmation.","Confirm the current role first. Confirm the manufacturing site or contract factory and ask who purchases its raw materials.","","lo-foods"
"Lo! Foods","Deepankar Kabi","Revenue Head - FMCG","Sales","","Published professional lead","Company website","https://lofoods.fit/pages/about-us","2026-09-30T06:30:55.780Z","The company publishes this person and role. Current purchasing authority and preferred introduction route require confirmation.","Confirm the current role first. Ask for an introduction to the raw-material purchasing team; the published role is in sales.","","lo-foods"
"Lo! Foods","Himanshu","Revenue Head - Breads","Sales","","Published professional lead","Company website","https://lofoods.fit/pages/about-us","2026-09-30T06:30:55.780Z","The company publishes this person and role. Current purchasing authority and preferred introduction route require confirmation.","Confirm the current role first. Ask for an introduction to the raw-material purchasing team; the published role is in sales.","","lo-foods"
"Lo! Foods","Ajay S Tanwar","Chief Business Officer","Leadership","","Published professional lead","Company website","https://lofoods.fit/pages/about-us","2026-09-30T06:30:55.780Z","The company publishes this person and role. Current purchasing authority and preferred introduction route require confirmation.","Confirm the current role first. Request an introduction to the person responsible for ingredient sourcing and supplier approval.","","lo-foods"
"Lo! Foods","Sudarshan Gangrade","Founder","Leadership","","Published professional lead","Company website","https://lofoods.fit/pages/about-us","2026-09-30T06:30:55.780Z","The company publishes this person and role. Current purchasing authority and preferred introduction route require confirmation.","Confirm the current role first. Request an introduction to the person responsible for ingredient sourcing and supplier approval.","","lo-foods"
"Bon Fiction","Prathina Grandhi","Co-founder / chocolate development","Product development","","Published professional lead","Company website","https://www.bonfiction.com/pages/our-story","2026-09-30T06:44:32.633Z","The company publishes this person and role. Current purchasing authority and preferred introduction route require confirmation.","Confirm the current role first. Discuss ingredient specifications and sample trials, then ask who handles commercial purchasing.","","bon-fiction"
"Bon Fiction","Akhil Grandhi","Co-founder","Leadership","","Published professional lead","Company website","https://www.bonfiction.com/pages/our-story","2026-09-30T06:44:32.633Z","The company publishes this person and role. Current purchasing authority and preferred introduction route require confirmation.","Confirm the current role first. Request an introduction to the person responsible for ingredient sourcing and supplier approval.","","bon-fiction"
"Alpino","Chetan Kanani","Co-founder & CEO","Leadership","","Published professional lead","Professional profile","https://in.linkedin.com/in/chetankanani","2026-09-30T10:37:36.137Z","Profile lists Alpino Health Foods. A conference-organiser announcement, also shared on the profile, names the CEO role. Confirm current responsibility and request an introduction to raw-material purchasing.","Confirm the current role first. Request an introduction to the person responsible for ingredient sourcing and supplier approval.","https://www.linkedin.com/posts/national-entrepreneurship-network_speaker-spotlight-surat-sme-conference-activity-7449792769751011328-Vm9r","alpino"
"Wingreens Harvest / Monsoon Harvest","Arjun Singh Bora","Manager - Procurement & Purchase (directory title)","Procurement","","Published professional lead","Third-party directory","https://theorg.com/org/wingreens-world/person/armaan-kapoor","2026-09-30T10:37:36.137Z","Wingreens org-chart entry names this procurement/purchase role. The matching public LinkedIn profile supports company association; current title, packaging versus ingredient scope and buying authority remain unverified.","Confirm the current role first. Confirm their ingredient category, then ask about supplier registration, specifications and sample approval.","https://in.linkedin.com/in/arjun-singh-bora-20b75b100","wingreens"
"Wingreens Harvest / Monsoon Harvest","Armaan Kapoor","Head of New Projects & Strategic Procurement (directory title)","Procurement","","Published professional lead","Third-party directory","https://theorg.com/org/wingreens-world/person/armaan-kapoor","2026-09-30T10:37:36.137Z","The directory explicitly marks this profile unverified. A public LinkedIn profile corroborates Wingreens association but not the exact procurement title. Reconfirm role, company entity and ingredient category before approaching.","Confirm the current role first. Confirm their ingredient category, then ask about supplier registration, specifications and sample approval.","https://in.linkedin.com/in/armaan-kapoor-31561815","wingreens"
"Cookie Man","Bithin Ghosh","AVP - Corporate Sales","Sales","","Published professional lead","Professional profile","https://in.linkedin.com/in/bithin-ghosh-42122515","2026-09-30T06:44:32.633Z","Public indexed professional profile supports this role or company association. Current employment and purchasing authority require confirmation.","Confirm the current role first. Ask for an introduction to the raw-material purchasing team; the published role is in sales.","","cookie-man"
"Cookie Man","Praveen Omkar","Corporate & Institution Sales Manager, Bengaluru","Sales","","Published professional lead","Professional profile","https://in.linkedin.com/in/praveen-omkar-b117b1138","2026-09-30T10:37:36.137Z","Own public LinkedIn product post names the corporate/institutional sales role. Confirm current employment and request a referral to ingredient purchasing.","Confirm the current role first. Ask for an introduction to the raw-material purchasing team; the published role is in sales.","","cookie-man"
"Cookie Man","Saibal Chandra Banerjee","Business Head - Trade Sales","Sales","","Published professional lead","Professional profile","https://www.linkedin.com/posts/saibal-chandra-banerjee-5306568_excellence-growthjourney-fmcg-activity-7454549082313805824-3sGX","2026-09-30T06:44:32.633Z","Self-published appointment announcement names CookieMan and the trade-sales role. Confirm current employment; this is a sales referral route, not a confirmed raw-material buyer.","Confirm the current role first. Ask for an introduction to the raw-material purchasing team; the published role is in sales.","","cookie-man"
"Cookie Man","Sandeep Raghav","Regional Sales Manager","Sales","","Published professional lead","Professional profile","https://in.linkedin.com/in/sandeep-raghav-78ab056a","2026-09-30T06:44:32.633Z","Public indexed professional profile supports this role or company association. Current employment and purchasing authority require confirmation.","Confirm the current role first. Ask for an introduction to the raw-material purchasing team; the published role is in sales.","","cookie-man"
"Millet Bank","Raj Ivaturi","National Sales Head","Sales","","Published professional lead","Professional profile","https://in.linkedin.com/in/raj-ivaturi-0166937a","2026-09-30T06:44:32.633Z","Public indexed professional profile supports this role or company association. Current employment and purchasing authority require confirmation.","Confirm the current role first. Ask for an introduction to the raw-material purchasing team; the published role is in sales.","","millet-bank"
"Bombay Sweet Shop","Girish Nayak","Chief Mithaiwala","Product development","","Published professional lead","Company website","https://bombaysweetshop.com/pages/about-us","2026-09-30T06:30:58.410Z","The company publishes this person and role. Current purchasing authority and preferred introduction route require confirmation.","Confirm the current role first. Discuss ingredient specifications and sample trials, then ask who handles commercial purchasing.","","bombay-sweet-shop"
"Bombay Sweet Shop","Yash Bhanage","Co-Founder & COO","Operations","","Published professional lead","Company website","https://bombaysweetshop.com/pages/about-us","2026-09-30T06:30:58.410Z","The company publishes this person and role. Current purchasing authority and preferred introduction route require confirmation.","Confirm the current role first. Confirm the manufacturing site or contract factory and ask who purchases its raw materials.","","bombay-sweet-shop"
"Bombay Sweet Shop","Sameer Seth","Co-Founder & CEO","Leadership","","Published professional lead","Company website","https://bombaysweetshop.com/pages/about-us","2026-09-30T06:30:58.410Z","The company publishes this person and role. Current purchasing authority and preferred introduction route require confirmation.","Confirm the current role first. Request an introduction to the person responsible for ingredient sourcing and supplier approval.","","bombay-sweet-shop"
"Paper Boat / Hector Beverages","Pandey Kundan Kr.","Raw-material / packaging / indirect procurement professional","Procurement","","Published professional lead","Professional profile","https://in.linkedin.com/in/kundannitm","2026-09-30T10:37:36.137Z","Public indexed About section describes RMPM and indirect procurement experience and lists Hector Beverages. Exact current job title, raw-material category and buying authority are unconfirmed.","Confirm the current role first. Confirm their ingredient category, then ask about supplier registration, specifications and sample approval.","","paper-boat"
"Paper Boat / Hector Beverages","Srujan Pudota","Procurement & supply chain professional","Procurement","","Published professional lead","Professional profile","https://in.linkedin.com/in/srujan-pudota-6a9001203","2026-09-30T10:37:36.137Z","Public indexed About section describes procurement, inventory, logistics and supply-chain planning experience and lists Hector Beverages. Confirm current employment, ingredient category and authority.","Confirm the current role first. Confirm their ingredient category, then ask about supplier registration, specifications and sample approval.","","paper-boat"
"Bean to Bar Chocolates India","Poonam Chordia","Founder / heads production","Operations","","Published professional lead","Company website","https://cocoatrait.com/about-us/","2026-09-30T06:44:32.633Z","The company publishes this person and role. Current purchasing authority and preferred introduction route require confirmation.","Confirm the current role first. Confirm the manufacturing site or contract factory and ask who purchases its raw materials.","","kocoatrait"
"Bean to Bar Chocolates India","L Nitin Chordia","Co-founder / chocolate taster","Leadership","nitin@cocoatrait.com","Published professional lead","Company website","https://cocoatrait.com/","2026-09-30T10:37:36.137Z","Official website identifies the co-founder; its business contact page publishes the email. Confirm raw-material supplier approval responsibility.","Confirm the current role first. Request an introduction to the person responsible for ingredient sourcing and supplier approval.","https://cocoatrait.com/contact/
https://cocoatrait.com/bean-to-bar-chocolate-india/","kocoatrait"
"Tiggle","Anuva Kakkar","Founder","Leadership","","Published professional lead","Company website","https://thetiggle.com/pages/our-story","2026-09-30T10:37:36.137Z","Official story describes Anuva founding the brand; the terms page supplies the full name. Public LinkedIn profile corroborates the company association. Confirm purchasing responsibility.","Confirm the current role first. Request an introduction to the person responsible for ingredient sourcing and supplier approval.","https://thetiggle.com/pages/terms-of-service
https://in.linkedin.com/in/anuva-kakkar-9ba6401a8","tiggle"
"Loyka / August Assortments","Aanchal","Co-founder / product development","Product development","","Published professional lead","Company website","https://www.loyka.co/pages/about-us","2026-09-30T10:37:36.137Z","Official founder story names Aanchal and describes development of the almond-brittle product. Only the name published on the company page is used. Confirm raw-material purchasing responsibility.","Confirm the current role first. Discuss ingredient specifications and sample trials, then ask who handles commercial purchasing.","","loyka"
"Loyka / August Assortments","Aditya","Co-founder","Leadership","","Published professional lead","Company website","https://www.loyka.co/pages/about-us","2026-09-30T10:37:36.137Z","Official founder story names Aditya. Only the name published on the company page is used; confirm supplier approval and purchasing responsibility.","Confirm the current role first. Request an introduction to the person responsible for ingredient sourcing and supplier approval.","","loyka"
"Jai Jungle Farmers Producer Company","Samarth Jain","Founder","Leadership","","Published professional lead","Company website","https://jaijungle.com/pages/about-us-1","2026-10-01T04:46:06.581Z","Named as founder on the official company story. Ask for an introduction to ingredient procurement; current buying authority is unconfirmed.","Confirm the current role first. Request an introduction to the person responsible for ingredient sourcing and supplier approval.","","jai-jungle"
